{
  "gamma": 0.978170328092241,
  "gae_lambda": 0.9368531620516625,
  "n_epochs": 5,
  "ent_coef": 2.197818118655834e-08,
  "clip_range": 0.4,
  "n_steps": 256,
  "batch_size": 64,
  "learning_rate": 2.1670969595071025e-05,
  "alpha": 1.0
}