{
  "gamma": 0.9489911724626033,
  "gae_lambda": 0.9268550156393905,
  "n_epochs": 20,
  "ent_coef": 0.00016099735274690717,
  "clip_range": 0.1,
  "alpha": 1.9056373323853008e-06,
  "n_steps": 256,
  "batch_size": 64,
  "learning_rate": 0.0004927363855202527
}