{
  "gamma": 0.9772735589224649,
  "gae_lambda": 0.9317994837182655,
  "n_epochs": 5,
  "ent_coef": 0.08650103358484752,
  "clip_range": 0.4,
  "alpha": 1.9592565071565916e-05,
  "n_steps": 1024,
  "batch_size": 256,
  "learning_rate": 0.0009599274734336612
}