{
  "gamma": 0.9511159642959807,
  "gae_lambda": 0.939728051145692,
  "n_epochs": 30,
  "ent_coef": 0.00015631164986733173,
  "clip_range": 0.1,
  "alpha": 1.0134686324487993e-05,
  "n_steps": 128,
  "batch_size": 256,
  "learning_rate": 4.90968718172907e-05
}