{
  "gamma": 0.908868688612097,
  "gae_lambda": 0.9868112662268853,
  "n_epochs": 20,
  "ent_coef": 2.099637929092755e-06,
  "clip_range": 0.3,
  "alpha": 9.704192662240792e-05,
  "n_steps": 2048,
  "batch_size": 512,
  "learning_rate": 0.0008529264034435087
}