{
  "gamma": 0.9879713948084737,
  "gae_lambda": 0.9699165954003346,
  "n_epochs": 20,
  "ent_coef": 0.00031015391394610415,
  "clip_range": 0.3,
  "n_steps": 1024,
  "batch_size": 512,
  "learning_rate": 0.00047475863513670363,
  "alpha": 1.0
}