{
  "gamma": 0.9835090648222518,
  "gae_lambda": 0.9712066497615238,
  "n_epochs": 30,
  "ent_coef": 6.056245498857459e-05,
  "clip_range": 0.1,
  "alpha": 0.0008328456237699282,
  "n_steps": 512,
  "batch_size": 64,
  "learning_rate": 0.00016752574752885183
}