{
  "gamma": 0.9394724604282989,
  "gae_lambda": 0.9697973458535667,
  "n_epochs": 20,
  "ent_coef": 9.907218826547835e-08,
  "clip_range": 0.3,
  "n_steps": 1024,
  "batch_size": 256,
  "learning_rate": 2.7044848430686194e-05,
  "alpha": 1.0
}