{
  "gamma": 0.9713282746623932,
  "gae_lambda": 0.9142233498013677,
  "n_epochs": 30,
  "ent_coef": 0.01867142909081446,
  "clip_range": 0.2,
  "n_steps": 128,
  "batch_size": 512,
  "learning_rate": 0.0006378491859918027,
  "alpha": 1.0
}