{
  "gamma": 0.9863603793250504,
  "gae_lambda": 0.9754842191837284,
  "n_epochs": 5,
  "ent_coef": 1.3629653015039436e-08,
  "clip_range": 0.2,
  "alpha": 0.03569858160576813,
  "n_steps": 128,
  "batch_size": 64,
  "learning_rate": 3.7852609865180644e-05
}