{
  "gamma": 0.9428495551387786,
  "gae_lambda": 0.9008956264930016,
  "n_epochs": 20,
  "ent_coef": 3.588759892954412e-05,
  "clip_range": 0.4,
  "alpha": 0.07938975935353657,
  "n_steps": 256,
  "batch_size": 128,
  "learning_rate": 9.145359172885767e-05
}