{
  "gamma": 0.958313221597958,
  "gae_lambda": 0.9933594852119545,
  "n_epochs": 20,
  "ent_coef": 1.7396458709308958e-05,
  "clip_range": 0.3,
  "n_steps": 512,
  "batch_size": 32,
  "learning_rate": 0.0003013127130646652,
  "alpha": 1.0
}