{
  "gamma": 0.9605002136293523,
  "gae_lambda": 0.9985677826586671,
  "n_epochs": 30,
  "ent_coef": 2.175783994417265e-08,
  "clip_range": 0.2,
  "alpha": 0.004978526494254414,
  "n_steps": 1024,
  "batch_size": 64,
  "learning_rate": 8.316110526467028e-05
}